date,symbol,price
2019-01-02,TSLA,310.1199951171875
2019-01-02,UAL,84.18000030517578
2019-01-02,LRCX,135.3983154296875
2019-01-02,IDXX,182.4600067138672
2019-01-02,SBUX,63.13450622558594
2019-01-03,TSLA,300.3599853515625
2019-01-03,UAL,80.0
2019-01-03,LRCX,128.8682403564453
2019-01-03,IDXX,178.02000427246094
2019-01-03,SBUX,60.39592742919922
2019-01-04,TSLA,317.69000244140625
2019-01-04,UAL,82.68000030517578
2019-01-04,LRCX,135.163330078125
2019-01-04,IDXX,187.42999267578125
2019-01-04,SBUX,62.39833068847656
2019-01-07,TSLA,334.9599914550781
2019-01-07,UAL,83.2300033569336
2019-01-07,LRCX,136.36752319335938
2019-01-07,IDXX,186.88999938964844
2019-01-07,SBUX,62.39833068847656
2019-01-08,TSLA,335.3500061035156
2019-01-08,UAL,82.37999725341797
2019-01-08,LRCX,134.05702209472656
2019-01-08,IDXX,189.2899932861328
2019-01-08,SBUX,62.44740295410156
2019-01-09,TSLA,338.5299987792969
2019-01-09,UAL,83.76000213623047
2019-01-09,LRCX,140.97869873046875
2019-01-09,IDXX,192.22000122070312
2019-01-09,SBUX,62.70261764526367
2019-01-10,TSLA,344.9700012207031
2019-01-10,UAL,81.37000274658203
2019-01-10,LRCX,141.5367431640625
2019-01-10,IDXX,192.72000122070312
2019-01-10,SBUX,63.00690460205078
2019-01-11,TSLA,347.260009765625
2019-01-11,UAL,80.06999969482422
2019-01-11,LRCX,141.0863800048828
2019-01-11,IDXX,192.91000366210938
2019-01-11,SBUX,62.555381774902344
2019-01-14,TSLA,334.3999938964844
2019-01-14,UAL,79.91000366210938
2019-01-14,LRCX,137.48361206054688
2019-01-14,IDXX,189.7899932861328
2019-01-14,SBUX,62.2020149230957
2019-01-15,TSLA,344.42999267578125
2019-01-15,UAL,81.19999694824219
2019-01-15,LRCX,137.06263732910156
2019-01-15,IDXX,196.00999450683594
2019-01-15,SBUX,62.89893341064453
2019-01-16,TSLA,346.04998779296875
2019-01-16,UAL,86.36000061035156
2019-01-16,LRCX,135.83885192871094
2019-01-16,IDXX,197.24000549316406
2019-01-16,SBUX,62.59463882446289
2019-01-17,TSLA,347.30999755859375
2019-01-17,UAL,86.73999786376953
2019-01-17,LRCX,138.7856903076172
2019-01-17,IDXX,196.89999389648438
2019-01-17,SBUX,63.095237731933594
2019-01-18,TSLA,302.260009765625
2019-01-18,UAL,85.58999633789062
2019-01-18,LRCX,144.4542236328125
2019-01-18,IDXX,200.8699951171875
2019-01-18,SBUX,63.50749969482422
2019-01-22,TSLA,298.9200134277344
2019-01-22,UAL,83.33999633789062
2019-01-22,LRCX,136.95492553710938
2019-01-22,IDXX,201.30999755859375
2019-01-22,SBUX,64.18478393554688
2019-01-23,TSLA,287.5899963378906
2019-01-23,UAL,82.87999725341797
2019-01-23,LRCX,136.4066925048828
2019-01-23,IDXX,201.63999938964844
2019-01-23,SBUX,65.20561981201172
2019-01-24,TSLA,291.510009765625
2019-01-24,UAL,84.02999877929688
2019-01-24,LRCX,157.8178253173828
2019-01-24,IDXX,206.16000366210938
2019-01-24,SBUX,63.54676818847656
2019-01-25,TSLA,297.0400085449219
2019-01-25,UAL,84.13999938964844
2019-01-25,LRCX,162.017822265625
2019-01-25,IDXX,208.85000610351562
2019-01-25,SBUX,65.85344696044922
2019-01-28,TSLA,296.3800048828125
2019-01-28,UAL,84.5999984741211
2019-01-28,LRCX,162.57583618164062
2019-01-28,IDXX,205.6999969482422
2019-01-28,SBUX,65.66695404052734
2019-01-29,TSLA,297.4599914550781
2019-01-29,UAL,85.66999816894531
2019-01-29,LRCX,161.5283203125
2019-01-29,IDXX,204.2899932861328
2019-01-29,SBUX,65.80437469482422
2019-01-30,TSLA,308.7699890136719
2019-01-30,UAL,87.47000122070312
2019-01-30,LRCX,167.3436737060547
2019-01-30,IDXX,207.67999267578125
2019-01-30,SBUX,66.89391326904297
2019-01-31,TSLA,307.0199890136719
2019-01-31,UAL,87.2699966430664
2019-01-31,LRCX,166.02198791503906
2019-01-31,IDXX,212.77999877929688
2019-01-31,SBUX,66.88410186767578
2019-02-01,TSLA,312.2099914550781
2019-02-01,UAL,87.48999786376953
2019-02-01,LRCX,169.1450653076172
2019-02-01,IDXX,205.3800048828125
2019-02-01,SBUX,66.85465240478516
2019-02-04,TSLA,312.8900146484375
2019-02-04,UAL,88.62000274658203
2019-02-04,LRCX,169.52688598632812
2019-02-04,IDXX,203.16000366210938
2019-02-04,SBUX,66.33441925048828
2019-02-05,TSLA,321.3500061035156
2019-02-05,UAL,89.45999908447266
2019-02-05,LRCX,170.0457763671875
2019-02-05,IDXX,207.97999572753906
2019-02-05,SBUX,68.06197357177734
2019-02-06,TSLA,317.2200012207031
2019-02-06,UAL,89.75
2019-02-06,LRCX,173.3842315673828
2019-02-06,IDXX,208.8300018310547
2019-02-06,SBUX,67.93370819091797
2019-02-07,TSLA,307.510009765625
2019-02-07,UAL,87.86000061035156
2019-02-07,LRCX,172.03318786621094
2019-02-07,IDXX,206.80999755859375
2019-02-07,SBUX,68.2198486328125
2019-02-08,TSLA,305.79998779296875
2019-02-08,UAL,88.16999816894531
2019-02-08,LRCX,171.6219940185547
2019-02-08,IDXX,207.74000549316406
2019-02-08,SBUX,68.82173156738281
2019-02-11,TSLA,312.8399963378906
2019-02-11,UAL,89.1500015258789
2019-02-11,LRCX,172.22898864746094
2019-02-11,IDXX,206.63999938964844
2019-02-11,SBUX,69.05853271484375
2019-02-12,TSLA,311.80999755859375
2019-02-12,UAL,87.97000122070312
2019-02-12,LRCX,175.48912048339844
2019-02-12,IDXX,209.5
2019-02-12,SBUX,68.82173156738281
2019-02-13,TSLA,308.1700134277344
2019-02-13,UAL,88.58000183105469
2019-02-13,LRCX,177.21218872070312
2019-02-13,IDXX,210.38999938964844
2019-02-13,SBUX,69.57161712646484
2019-02-14,TSLA,303.7699890136719
2019-02-14,UAL,88.1500015258789
2019-02-14,LRCX,177.52548217773438
2019-02-14,IDXX,206.94000244140625
2019-02-14,SBUX,69.89723205566406
2019-02-15,TSLA,307.8800048828125
2019-02-15,UAL,88.30999755859375
2019-02-15,LRCX,177.29051208496094
2019-02-15,IDXX,210.25999450683594
2019-02-15,SBUX,69.76895904541016
2019-02-19,TSLA,305.6400146484375
2019-02-19,UAL,89.23999786376953
2019-02-19,LRCX,176.52688598632812
2019-02-19,IDXX,211.32000732421875
2019-02-19,SBUX,69.26573944091797
2019-02-20,TSLA,302.55999755859375
2019-02-20,UAL,88.5
2019-02-20,LRCX,178.3870086669922
2019-02-20,IDXX,211.44000244140625
2019-02-20,SBUX,69.45321655273438
2019-02-21,TSLA,291.2300109863281
2019-02-21,UAL,88.83999633789062
2019-02-21,LRCX,175.06814575195312
2019-02-21,IDXX,205.99000549316406
2019-02-21,SBUX,69.75908660888672
2019-02-22,TSLA,294.7099914550781
2019-02-22,UAL,89.43000030517578
2019-02-22,LRCX,175.45974731445312
2019-02-22,IDXX,209.17999267578125
2019-02-22,SBUX,70.35110473632812
2019-02-25,TSLA,298.7699890136719
2019-02-25,UAL,89.58000183105469
2019-02-25,LRCX,175.831787109375
2019-02-25,IDXX,210.10000610351562
2019-02-25,SBUX,70.10443115234375
2019-02-26,TSLA,297.8599853515625
2019-02-26,UAL,89.52999877929688
2019-02-26,LRCX,174.81358337402344
2019-02-26,IDXX,207.74000549316406
2019-02-26,SBUX,70.1932373046875
2019-02-27,TSLA,314.739990234375
2019-02-27,UAL,87.5999984741211
2019-02-27,LRCX,173.48211669921875
2019-02-27,IDXX,208.97000122070312
2019-02-27,SBUX,69.21641540527344
2019-02-28,TSLA,319.8800048828125
2019-02-28,UAL,87.80999755859375
2019-02-28,LRCX,172.39541625976562
2019-02-28,IDXX,211.02999877929688
2019-02-28,SBUX,69.324951171875
2019-03-01,TSLA,294.7900085449219
2019-03-01,UAL,86.91999816894531
2019-03-01,LRCX,173.0415802001953
2019-03-01,IDXX,215.92999267578125
2019-03-01,SBUX,69.90708923339844
2019-03-04,TSLA,285.3599853515625
2019-03-04,UAL,84.30999755859375
2019-03-04,LRCX,174.04017639160156
2019-03-04,IDXX,213.41000366210938
2019-03-04,SBUX,70.00575256347656
2019-03-05,TSLA,276.5400085449219
2019-03-05,UAL,85.05000305175781
2019-03-05,LRCX,169.89891052246094
2019-03-05,IDXX,210.8000030517578
2019-03-05,SBUX,70.62738037109375
2019-03-06,TSLA,276.239990234375
2019-03-06,UAL,84.33000183105469
2019-03-06,LRCX,165.64019775390625
2019-03-06,IDXX,207.80999755859375
2019-03-06,SBUX,70.32150268554688
2019-03-07,TSLA,276.5899963378906
2019-03-07,UAL,82.61000061035156
2019-03-07,LRCX,163.65277099609375
2019-03-07,IDXX,203.88999938964844
2019-03-07,SBUX,69.6702880859375
2019-03-08,TSLA,284.1400146484375
2019-03-08,UAL,82.4000015258789
2019-03-08,LRCX,165.28775024414062
2019-03-08,IDXX,201.74000549316406
2019-03-08,SBUX,68.43692016601562
2019-03-11,TSLA,290.9200134277344
2019-03-11,UAL,82.37999725341797
2019-03-11,LRCX,168.40101623535156
2019-03-11,IDXX,204.72000122070312
2019-03-11,SBUX,68.75267028808594
2019-03-12,TSLA,283.3599853515625
2019-03-12,UAL,79.8499984741211
2019-03-12,LRCX,168.44998168945312
2019-03-12,IDXX,205.97000122070312
2019-03-12,SBUX,69.11774444580078
2019-03-13,TSLA,288.9599914550781
2019-03-13,UAL,81.20999908447266
2019-03-13,LRCX,166.8345947265625
2019-03-13,IDXX,209.88999938964844
2019-03-13,SBUX,69.16706848144531
2019-03-14,TSLA,289.9599914550781
2019-03-14,UAL,81.48999786376953
2019-03-14,LRCX,172.82620239257812
2019-03-14,IDXX,210.8699951171875
2019-03-14,SBUX,69.79855346679688
2019-03-15,TSLA,275.42999267578125
2019-03-15,UAL,81.69000244140625
2019-03-15,LRCX,178.56321716308594
2019-03-15,IDXX,216.2100067138672
2019-03-15,SBUX,69.72947692871094
2019-03-18,TSLA,269.489990234375
2019-03-18,UAL,80.7300033569336
2019-03-18,LRCX,176.419189453125
2019-03-18,IDXX,215.74000549316406
2019-03-18,SBUX,69.89723205566406
2019-03-19,TSLA,267.4700012207031
2019-03-19,UAL,81.33999633789062
2019-03-19,LRCX,176.6654510498047
2019-03-19,IDXX,218.3000030517578
2019-03-19,SBUX,70.43003845214844
2019-03-20,TSLA,273.6000061035156
2019-03-20,UAL,79.83000183105469
2019-03-20,LRCX,173.10948181152344
2019-03-20,IDXX,219.27000427246094
2019-03-20,SBUX,70.67670440673828
2019-03-21,TSLA,274.0199890136719
2019-03-21,UAL,81.0
2019-03-21,LRCX,181.04884338378906
2019-03-21,IDXX,225.69000244140625
2019-03-21,SBUX,71.29833221435547
2019-03-22,TSLA,264.5299987792969
2019-03-22,UAL,79.62999725341797
2019-03-22,LRCX,176.76394653320312
2019-03-22,IDXX,219.42999267578125
2019-03-22,SBUX,71.00232696533203
2019-03-25,TSLA,260.4200134277344
2019-03-25,UAL,78.12000274658203
2019-03-25,LRCX,176.40933227539062
2019-03-25,IDXX,219.24000549316406
2019-03-25,SBUX,71.33779907226562
2019-03-26,TSLA,267.7699890136719
2019-03-26,UAL,77.48999786376953
2019-03-26,LRCX,177.35498046875
2019-03-26,IDXX,220.0
2019-03-26,SBUX,71.98900604248047
2019-03-27,TSLA,274.8299865722656
2019-03-27,UAL,78.52999877929688
2019-03-27,LRCX,174.9810333251953
2019-03-27,IDXX,218.83999633789062
2019-03-27,SBUX,71.77194213867188
2019-03-28,TSLA,278.6199951171875
2019-03-28,UAL,78.5999984741211
2019-03-28,LRCX,173.0503692626953
2019-03-28,IDXX,220.55999755859375
2019-03-28,SBUX,72.9757080078125
2019-03-29,TSLA,279.8599853515625
2019-03-29,UAL,79.77999877929688
2019-03-29,LRCX,176.3305206298828
2019-03-29,IDXX,223.60000610351562
2019-03-29,SBUX,73.35063934326172
2019-04-01,TSLA,289.17999267578125
2019-04-01,UAL,80.87000274658203
2019-04-01,LRCX,181.9353485107422
2019-04-01,IDXX,225.1199951171875
2019-04-01,SBUX,72.9757080078125
2019-04-02,TSLA,285.8800048828125
2019-04-02,UAL,82.7699966430664
2019-04-02,LRCX,181.501953125
2019-04-02,IDXX,224.9199981689453
2019-04-02,SBUX,73.28157806396484
2019-04-03,TSLA,291.80999755859375
2019-04-03,UAL,84.19999694824219
2019-04-03,LRCX,188.6729736328125
2019-04-03,IDXX,227.5800018310547
2019-04-03,SBUX,73.34077453613281
2019-04-04,TSLA,267.7799987792969
2019-04-04,UAL,84.63999938964844
2019-04-04,LRCX,188.1706085205078
2019-04-04,IDXX,225.92999267578125
2019-04-04,SBUX,73.36050415039062
2019-04-05,TSLA,274.9599914550781
2019-04-05,UAL,84.91000366210938
2019-04-05,LRCX,192.2289276123047
2019-04-05,IDXX,227.77000427246094
2019-04-05,SBUX,74.03146362304688
2019-04-08,TSLA,273.20001220703125
2019-04-08,UAL,84.58000183105469
2019-04-08,LRCX,190.6824493408203
2019-04-08,IDXX,227.75
2019-04-08,SBUX,74.19920349121094
2019-04-09,TSLA,272.30999755859375
2019-04-09,UAL,84.25
2019-04-09,LRCX,187.60916137695312
2019-04-09,IDXX,224.77999877929688
2019-04-09,SBUX,74.12026977539062
2019-04-10,TSLA,276.05999755859375
2019-04-10,UAL,84.5199966430664
2019-04-10,LRCX,187.9834442138672
2019-04-10,IDXX,224.52000427246094
2019-04-10,SBUX,74.47547912597656
2019-04-11,TSLA,268.4200134277344
2019-04-11,UAL,85.75
2019-04-11,LRCX,188.4464111328125
2019-04-11,IDXX,223.75999450683594
2019-04-11,SBUX,74.86029052734375
2019-04-12,TSLA,267.70001220703125
2019-04-12,UAL,85.48999786376953
2019-04-12,LRCX,191.1749725341797
2019-04-12,IDXX,225.32000732421875
2019-04-12,SBUX,75.6299057006836
2019-04-15,TSLA,266.3800048828125
2019-04-15,UAL,84.5199966430664
2019-04-15,LRCX,189.92396545410156
2019-04-15,IDXX,225.22000122070312
2019-04-15,SBUX,75.14643096923828
2019-04-16,TSLA,273.3599853515625
2019-04-16,UAL,85.16999816894531
2019-04-16,LRCX,191.70687866210938
2019-04-16,IDXX,222.1699981689453
2019-04-16,SBUX,74.69254302978516
2019-04-17,TSLA,271.2300109863281
2019-04-17,UAL,89.23999786376953
2019-04-17,LRCX,193.35186767578125
2019-04-17,IDXX,215.52999877929688
2019-04-17,SBUX,74.12026977539062
2019-04-18,TSLA,273.260009765625
2019-04-18,UAL,88.27999877929688
2019-04-18,LRCX,191.85464477539062
2019-04-18,IDXX,218.49000549316406
2019-04-18,SBUX,75.0477523803711
2019-04-22,TSLA,262.75
2019-04-22,UAL,87.55999755859375
2019-04-22,LRCX,192.2978973388672
2019-04-22,IDXX,221.58999633789062
2019-04-22,SBUX,74.39654541015625
2019-04-23,TSLA,263.8999938964844
2019-04-23,UAL,87.97000122070312
2019-04-23,LRCX,191.86448669433594
2019-04-23,IDXX,224.4499969482422
2019-04-23,SBUX,74.97868347167969
2019-04-24,TSLA,258.6600036621094
2019-04-24,UAL,88.02999877929688
2019-04-24,LRCX,192.5146026611328
2019-04-24,IDXX,224.5800018310547
2019-04-24,SBUX,75.37336730957031
2019-04-25,TSLA,247.6300048828125
2019-04-25,UAL,86.86000061035156
2019-04-25,LRCX,202.01031494140625
2019-04-25,IDXX,227.6699981689453
2019-04-25,SBUX,76.08378601074219
2019-04-26,TSLA,235.13999938964844
2019-04-26,UAL,87.94000244140625
2019-04-26,LRCX,203.3007049560547
2019-04-26,IDXX,232.47000122070312
2019-04-26,SBUX,76.41925048828125
2019-04-29,TSLA,241.47000122070312
2019-04-29,UAL,89.61000061035156
2019-04-29,LRCX,203.0347442626953
2019-04-29,IDXX,230.67999267578125
2019-04-29,SBUX,75.88644409179688
2019-04-30,TSLA,238.69000244140625
2019-04-30,UAL,88.86000061035156
2019-04-30,LRCX,204.32513427734375
2019-04-30,IDXX,232.0
2019-04-30,SBUX,76.64620208740234
2019-05-01,TSLA,234.00999450683594
2019-05-01,UAL,87.94000244140625
2019-05-01,LRCX,200.90708923339844
2019-05-01,IDXX,234.05999755859375
2019-05-01,SBUX,76.48831939697266
2019-05-02,TSLA,244.10000610351562
2019-05-02,UAL,88.30999755859375
2019-05-02,LRCX,203.74395751953125
2019-05-02,IDXX,242.33999633789062
2019-05-02,SBUX,76.4389877319336
2019-05-03,TSLA,255.02999877929688
2019-05-03,UAL,88.5
2019-05-03,LRCX,204.66989135742188
2019-05-03,IDXX,250.47000122070312
2019-05-03,SBUX,77.01127624511719
2019-05-06,TSLA,255.33999633789062
2019-05-06,UAL,87.79000091552734
2019-05-06,LRCX,201.4783935546875
2019-05-06,IDXX,251.8800048828125
2019-05-06,SBUX,77.0211410522461
2019-05-07,TSLA,247.05999755859375
2019-05-07,UAL,85.68000030517578
2019-05-07,LRCX,196.94725036621094
2019-05-07,IDXX,245.4499969482422
2019-05-07,SBUX,76.92247009277344
2019-05-08,TSLA,244.83999633789062
2019-05-08,UAL,84.63999938964844
2019-05-08,LRCX,196.720703125
2019-05-08,IDXX,245.7899932861328
2019-05-08,SBUX,77.36853790283203
2019-05-09,TSLA,241.97999572753906
2019-05-09,UAL,84.12000274658203
2019-05-09,LRCX,195.65684509277344
2019-05-09,IDXX,246.22000122070312
2019-05-09,SBUX,77.21985626220703
2019-05-10,TSLA,239.52000427246094
2019-05-10,UAL,84.79000091552734
2019-05-10,LRCX,194.93777465820312
2019-05-10,IDXX,247.8300018310547
2019-05-10,SBUX,77.73530578613281
2019-05-13,TSLA,227.00999450683594
2019-05-13,UAL,82.06999969482422
2019-05-13,LRCX,185.48147583007812
2019-05-13,IDXX,242.6199951171875
2019-05-13,SBUX,76.010498046875
2019-05-14,TSLA,232.30999755859375
2019-05-14,UAL,83.44999694824219
2019-05-14,LRCX,189.55950927734375
2019-05-14,IDXX,246.17999267578125
2019-05-14,SBUX,76.38717651367188
2019-05-15,TSLA,231.9499969482422
2019-05-15,UAL,82.3499984741211
2019-05-15,LRCX,192.55398559570312
2019-05-15,IDXX,249.5500030517578
2019-05-15,SBUX,77.0810775756836
2019-05-16,TSLA,228.3300018310547
2019-05-16,UAL,82.58000183105469
2019-05-16,LRCX,191.5492706298828
2019-05-16,IDXX,251.97000122070312
2019-05-16,SBUX,78.21112060546875
2019-05-17,TSLA,211.02999877929688
2019-05-17,UAL,81.5
2019-05-17,LRCX,191.2537841796875
2019-05-17,IDXX,249.55999755859375
2019-05-17,SBUX,78.22103881835938
2019-05-20,TSLA,205.36000061035156
2019-05-20,UAL,81.73999786376953
2019-05-20,LRCX,180.92079162597656
2019-05-20,IDXX,248.5399932861328
2019-05-20,SBUX,75.99067687988281
2019-05-21,TSLA,205.0800018310547
2019-05-21,UAL,82.97000122070312
2019-05-21,LRCX,184.11228942871094
2019-05-21,IDXX,249.3300018310547
2019-05-21,SBUX,76.85308074951172
2019-05-22,TSLA,192.72999572753906
2019-05-22,UAL,81.87999725341797
2019-05-22,LRCX,184.37823486328125
2019-05-22,IDXX,250.3800048828125
2019-05-22,SBUX,76.57552337646484
2019-05-23,TSLA,195.49000549316406
2019-05-23,UAL,80.91000366210938
2019-05-23,LRCX,182.6741485595703
2019-05-23,IDXX,253.57000732421875
2019-05-23,SBUX,75.74286651611328
2019-05-24,TSLA,190.6300048828125
2019-05-24,UAL,80.79000091552734
2019-05-24,LRCX,179.17727661132812
2019-05-24,IDXX,256.1099853515625
2019-05-24,SBUX,75.4851303100586
2019-05-28,TSLA,188.6999969482422
2019-05-28,UAL,79.9000015258789
2019-05-28,LRCX,176.24188232421875
2019-05-28,IDXX,246.85000610351562
2019-05-28,SBUX,75.03905487060547
2019-05-29,TSLA,189.86000061035156
2019-05-29,UAL,79.25
2019-05-29,LRCX,174.94163513183594
2019-05-29,IDXX,247.4499969482422
2019-05-29,SBUX,74.62271881103516
2019-05-30,TSLA,188.22000122070312
2019-05-30,UAL,79.47000122070312
2019-05-30,LRCX,175.9463653564453
2019-05-30,IDXX,249.6999969482422
2019-05-30,SBUX,75.50495147705078
2019-05-31,TSLA,185.16000366210938
2019-05-31,UAL,77.6500015258789
2019-05-31,LRCX,171.99639892578125
2019-05-31,IDXX,249.77000427246094
2019-05-31,SBUX,75.39591217041016
2019-06-03,TSLA,178.97000122070312
2019-06-03,UAL,77.72000122070312
2019-06-03,LRCX,169.84901428222656
2019-06-03,IDXX,245.58999633789062
2019-06-03,SBUX,75.55451965332031
2019-06-04,TSLA,193.60000610351562
2019-06-04,UAL,80.5199966430664
2019-06-04,LRCX,177.71942138671875
2019-06-04,IDXX,252.8800048828125
2019-06-04,SBUX,77.83443450927734
2019-06-05,TSLA,196.58999633789062
2019-06-05,UAL,81.8499984741211
2019-06-05,LRCX,179.5909881591797
2019-06-05,IDXX,256.6000061035156
2019-06-05,SBUX,79.2618637084961
2019-06-06,TSLA,205.9499969482422
2019-06-06,UAL,82.95999908447266
2019-06-06,LRCX,181.8762664794922
2019-06-06,IDXX,259.67999267578125
2019-06-06,SBUX,80.68929290771484
2019-06-07,TSLA,204.5
2019-06-07,UAL,83.2699966430664
2019-06-07,LRCX,183.88571166992188
2019-06-07,IDXX,264.9200134277344
2019-06-07,SBUX,81.7598648071289
2019-06-10,TSLA,212.8800048828125
2019-06-10,UAL,82.66999816894531
2019-06-10,LRCX,188.3085174560547
2019-06-10,IDXX,268.4700012207031
2019-06-10,SBUX,81.21466064453125
2019-06-11,TSLA,217.10000610351562
2019-06-11,UAL,82.7699966430664
2019-06-11,LRCX,188.159912109375
2019-06-11,IDXX,263.92999267578125
2019-06-11,SBUX,81.65082550048828
2019-06-12,TSLA,209.25999450683594
2019-06-12,UAL,83.79000091552734
2019-06-12,LRCX,178.21295166015625
2019-06-12,IDXX,265.04998779296875
2019-06-12,SBUX,82.2059326171875
2019-06-13,TSLA,213.91000366210938
2019-06-13,UAL,87.11000061035156
2019-06-13,LRCX,178.5200958251953
2019-06-13,IDXX,267.1600036621094
2019-06-13,SBUX,82.62226104736328
2019-06-14,TSLA,214.9199981689453
2019-06-14,UAL,87.12000274658203
2019-06-14,LRCX,175.1614990234375
2019-06-14,IDXX,267.739990234375
2019-06-14,SBUX,83.5044937133789
2019-06-17,TSLA,225.02999877929688
2019-06-17,UAL,86.7699966430664
2019-06-17,LRCX,170.9112548828125
2019-06-17,IDXX,268.25
2019-06-17,SBUX,82.29515075683594
2019-06-18,TSLA,224.74000549316406
2019-06-18,UAL,87.4000015258789
2019-06-18,LRCX,178.7677764892578
2019-06-18,IDXX,269.7200012207031
2019-06-18,SBUX,82.19601440429688
2019-06-19,TSLA,226.42999267578125
2019-06-19,UAL,88.66000366210938
2019-06-19,LRCX,179.7386932373047
2019-06-19,IDXX,274.2799987792969
2019-06-19,SBUX,83.0782470703125
2019-06-20,TSLA,219.6199951171875
2019-06-20,UAL,87.13999938964844
2019-06-20,LRCX,182.25515747070312
2019-06-20,IDXX,272.8800048828125
2019-06-20,SBUX,83.95056915283203
2019-06-21,TSLA,221.86000061035156
2019-06-21,UAL,86.72000122070312
2019-06-21,LRCX,181.33377075195312
2019-06-21,IDXX,273.92999267578125
2019-06-21,SBUX,83.08816528320312
2019-06-24,TSLA,223.63999938964844
2019-06-24,UAL,86.55000305175781
2019-06-24,LRCX,179.59007263183594
2019-06-24,IDXX,275.010009765625
2019-06-24,SBUX,82.91964721679688
2019-06-25,TSLA,219.75999450683594
2019-06-25,UAL,85.05999755859375
2019-06-25,LRCX,174.19058227539062
2019-06-25,IDXX,271.30999755859375
2019-06-25,SBUX,83.51441192626953
2019-06-26,TSLA,219.27000427246094
2019-06-26,UAL,85.33000183105469
2019-06-26,LRCX,179.59999084472656
2019-06-26,IDXX,269.8900146484375
2019-06-26,SBUX,82.6520004272461
2019-06-27,TSLA,222.83999633789062
2019-06-27,UAL,86.43000030517578
2019-06-27,LRCX,184.40504455566406
2019-06-27,IDXX,272.04998779296875
2019-06-27,SBUX,82.83042907714844
2019-06-28,TSLA,223.4600067138672
2019-06-28,UAL,87.55000305175781
2019-06-28,LRCX,186.09918212890625
2019-06-28,IDXX,275.3299865722656
2019-06-28,SBUX,83.09807586669922
2019-07-01,TSLA,227.1699981689453
2019-07-01,UAL,88.44999694824219
2019-07-01,LRCX,189.56674194335938
2019-07-01,IDXX,280.1600036621094
2019-07-01,SBUX,83.8117904663086
2019-07-02,TSLA,224.5500030517578
2019-07-02,UAL,88.87000274658203
2019-07-02,LRCX,185.45521545410156
2019-07-02,IDXX,277.010009765625
2019-07-02,SBUX,84.7634048461914
2019-07-03,TSLA,234.89999389648438
2019-07-03,UAL,90.66999816894531
2019-07-03,LRCX,183.1468048095703
2019-07-03,IDXX,278.8699951171875
2019-07-03,SBUX,87.02350616455078
2019-07-05,TSLA,233.10000610351562
2019-07-05,UAL,90.58999633789062
2019-07-05,LRCX,181.9381103515625
2019-07-05,IDXX,278.489990234375
2019-07-05,SBUX,87.02350616455078
2019-07-08,TSLA,230.33999633789062
2019-07-08,UAL,90.66999816894531
2019-07-08,LRCX,179.71885681152344
2019-07-08,IDXX,276.75
2019-07-08,SBUX,86.67655944824219
2019-07-09,TSLA,230.05999755859375
2019-07-09,UAL,89.45999908447266
2019-07-09,LRCX,181.38330078125
2019-07-09,IDXX,279.54998779296875
2019-07-09,SBUX,86.46839141845703
2019-07-10,TSLA,238.9199981689453
2019-07-10,UAL,89.51000213623047
2019-07-10,LRCX,182.5127410888672
2019-07-10,IDXX,282.5299987792969
2019-07-10,SBUX,87.60834503173828
2019-07-11,TSLA,238.60000610351562
2019-07-11,UAL,89.4800033569336
2019-07-11,LRCX,183.17652893066406
2019-07-11,IDXX,285.4599914550781
2019-07-11,SBUX,88.29232025146484
2019-07-12,TSLA,245.0800018310547
2019-07-12,UAL,91.2300033569336
2019-07-12,LRCX,189.46768188476562
2019-07-12,IDXX,284.239990234375
2019-07-12,SBUX,88.98621368408203
2019-07-15,TSLA,253.5
2019-07-15,UAL,91.31999969482422
2019-07-15,LRCX,190.9636993408203
2019-07-15,IDXX,284.0799865722656
2019-07-15,SBUX,89.37281036376953
2019-07-16,TSLA,252.3800048828125
2019-07-16,UAL,93.91999816894531
2019-07-16,LRCX,188.05093383789062
2019-07-16,IDXX,283.6600036621094
2019-07-16,SBUX,89.29350280761719
2019-07-17,TSLA,254.86000061035156
2019-07-17,UAL,94.77999877929688
2019-07-17,LRCX,189.9432373046875
2019-07-17,IDXX,284.7300109863281
2019-07-17,SBUX,89.46202087402344
2019-07-18,TSLA,253.5399932861328
2019-07-18,UAL,95.27999877929688
2019-07-18,LRCX,196.3928985595703
2019-07-18,IDXX,289.8500061035156
2019-07-18,SBUX,90.70111083984375
2019-07-19,TSLA,258.17999267578125
2019-07-19,UAL,93.83000183105469
2019-07-19,LRCX,196.63067626953125
2019-07-19,IDXX,284.69000244140625
2019-07-19,SBUX,89.51158905029297
2019-07-22,TSLA,255.67999267578125
2019-07-22,UAL,93.83000183105469
2019-07-22,LRCX,205.28968811035156
2019-07-22,IDXX,287.07000732421875
2019-07-22,SBUX,90.12617492675781
2019-07-23,TSLA,260.1700134277344
2019-07-23,UAL,94.93000030517578
2019-07-23,LRCX,207.8160400390625
2019-07-23,IDXX,286.82000732421875
2019-07-23,SBUX,89.32324981689453
2019-07-24,TSLA,264.8800048828125
2019-07-24,UAL,95.11000061035156
2019-07-24,LRCX,214.96913146972656
2019-07-24,IDXX,285.3999938964844
2019-07-24,SBUX,89.85852813720703
2019-07-25,TSLA,228.82000732421875
2019-07-25,UAL,93.93000030517578
2019-07-25,LRCX,208.79685974121094
2019-07-25,IDXX,283.55999755859375
2019-07-25,SBUX,90.18565368652344
2019-07-26,TSLA,228.0399932861328
2019-07-26,UAL,93.36000061035156
2019-07-26,LRCX,208.79685974121094
2019-07-26,IDXX,283.94000244140625
2019-07-26,SBUX,98.24465942382812
2019-07-29,TSLA,235.77000427246094
2019-07-29,UAL,93.44000244140625
2019-07-29,LRCX,208.86622619628906
2019-07-29,IDXX,284.9100036621094
2019-07-29,SBUX,97.16417694091797
2019-07-30,TSLA,242.25999450683594
2019-07-30,UAL,93.93000030517578
2019-07-30,LRCX,209.36160278320312
2019-07-30,IDXX,286.04998779296875
2019-07-30,SBUX,95.80614471435547
2019-07-31,TSLA,241.61000061035156
2019-07-31,UAL,91.91000366210938
2019-07-31,LRCX,206.67669677734375
2019-07-31,IDXX,282.04998779296875
2019-07-31,SBUX,93.8632583618164
2019-08-01,TSLA,233.85000610351562
2019-08-01,UAL,90.48999786376953
2019-08-01,LRCX,203.8531036376953
2019-08-01,IDXX,268.29998779296875
2019-08-01,SBUX,94.54722595214844
2019-08-02,TSLA,234.33999633789062
2019-08-02,UAL,89.43000030517578
2019-08-02,LRCX,202.19859313964844
2019-08-02,IDXX,268.7099914550781
2019-08-02,SBUX,94.67610168457031
2019-08-05,TSLA,228.32000732421875
2019-08-05,UAL,85.58999633789062
2019-08-05,LRCX,191.7364501953125
2019-08-05,IDXX,260.07000732421875
2019-08-05,SBUX,92.88189697265625
2019-08-06,TSLA,230.75
2019-08-06,UAL,85.45999908447266
2019-08-06,LRCX,192.71728515625
2019-08-06,IDXX,270.3800048828125
2019-08-06,SBUX,94.50757598876953
2019-08-07,TSLA,233.4199981689453
2019-08-07,UAL,86.4800033569336
2019-08-07,LRCX,194.6095733642578
2019-08-07,IDXX,267.8699951171875
2019-08-07,SBUX,94.74639129638672
2019-08-08,TSLA,238.3000030517578
2019-08-08,UAL,87.62999725341797
2019-08-08,LRCX,199.61277770996094
2019-08-08,IDXX,275.57000732421875
2019-08-08,SBUX,95.7911605834961
2019-08-09,TSLA,235.00999450683594
2019-08-09,UAL,86.9800033569336
2019-08-09,LRCX,193.50987243652344
2019-08-09,IDXX,278.8599853515625
2019-08-09,SBUX,95.82101440429688
2019-08-12,TSLA,229.00999450683594
2019-08-12,UAL,84.70999908447266
2019-08-12,LRCX,194.4906768798828
2019-08-12,IDXX,275.7799987792969
2019-08-12,SBUX,94.43793487548828
2019-08-13,TSLA,235.0
2019-08-13,UAL,84.55999755859375
2019-08-13,LRCX,203.7837677001953
2019-08-13,IDXX,280.9100036621094
2019-08-13,SBUX,96.14936828613281
2019-08-14,TSLA,219.6199951171875
2019-08-14,UAL,81.94999694824219
2019-08-14,LRCX,196.660400390625
2019-08-14,IDXX,269.80999755859375
2019-08-14,SBUX,94.4478759765625
2019-08-15,TSLA,215.63999938964844
2019-08-15,UAL,81.62000274658203
2019-08-15,LRCX,197.08639526367188
2019-08-15,IDXX,273.07000732421875
2019-08-15,SBUX,95.05484008789062
2019-08-16,TSLA,219.94000244140625
2019-08-16,UAL,82.94000244140625
2019-08-16,LRCX,203.20913696289062
2019-08-16,IDXX,275.4100036621094
2019-08-16,SBUX,96.0399169921875
2019-08-19,TSLA,226.8300018310547
2019-08-19,UAL,83.88999938964844
2019-08-19,LRCX,206.1219024658203
2019-08-19,IDXX,279.5299987792969
2019-08-19,SBUX,96.17922973632812
2019-08-20,TSLA,225.86000061035156
2019-08-20,UAL,84.02999877929688
2019-08-20,LRCX,204.84384155273438
2019-08-20,IDXX,281.4100036621094
2019-08-20,SBUX,95.15434265136719
2019-08-21,TSLA,220.8300018310547
2019-08-21,UAL,85.29000091552734
2019-08-21,LRCX,206.0624542236328
2019-08-21,IDXX,280.9599914550781
2019-08-21,SBUX,95.84091186523438
2019-08-22,TSLA,222.14999389648438
2019-08-22,UAL,85.55999755859375
2019-08-22,LRCX,208.50955200195312
2019-08-22,IDXX,279.8800048828125
2019-08-22,SBUX,96.01007080078125
2019-08-23,TSLA,211.39999389648438
2019-08-23,UAL,82.52999877929688
2019-08-23,LRCX,198.5328826904297
2019-08-23,IDXX,270.44000244140625
2019-08-23,SBUX,94.22897338867188
2019-08-26,TSLA,215.0
2019-08-26,UAL,83.58000183105469
2019-08-26,LRCX,199.4740753173828
2019-08-26,IDXX,277.1300048828125
2019-08-26,SBUX,96.02001953125
2019-08-27,TSLA,214.0800018310547
2019-08-27,UAL,81.94000244140625
2019-08-27,LRCX,197.9186248779297
2019-08-27,IDXX,284.7699890136719
2019-08-27,SBUX,95.61205291748047
2019-08-28,TSLA,215.58999633789062
2019-08-28,UAL,82.44999694824219
2019-08-28,LRCX,201.39608764648438
2019-08-28,IDXX,285.55999755859375
2019-08-28,SBUX,96.5871810913086
2019-08-29,TSLA,221.7100067138672
2019-08-29,UAL,84.69000244140625
2019-08-29,LRCX,205.7355194091797
2019-08-29,IDXX,289.2900085449219
2019-08-29,SBUX,97.21405029296875
2019-08-30,TSLA,225.61000061035156
2019-08-30,UAL,84.30999755859375
2019-08-30,LRCX,208.55908203125
2019-08-30,IDXX,289.739990234375
2019-08-30,SBUX,96.07971954345703
2019-09-03,TSLA,225.00999450683594
2019-09-03,UAL,83.1500015258789
2019-09-03,LRCX,210.96658325195312
2019-09-03,IDXX,286.0799865722656
2019-09-03,SBUX,96.2886734008789
2019-09-04,TSLA,220.67999267578125
2019-09-04,UAL,83.91000366210938
2019-09-04,LRCX,219.54632568359375
2019-09-04,IDXX,288.8999938964844
2019-09-04,SBUX,95.6319580078125
2019-09-05,TSLA,229.5800018310547
2019-09-05,UAL,85.83999633789062
2019-09-05,LRCX,224.63868713378906
2019-09-05,IDXX,289.92999267578125
2019-09-05,SBUX,95.0846939086914
2019-09-06,TSLA,227.4499969482422
2019-09-06,UAL,86.30000305175781
2019-09-06,LRCX,225.8077392578125
2019-09-06,IDXX,288.4700012207031
2019-09-06,SBUX,95.26380157470703
2019-09-09,TSLA,231.7899932861328
2019-09-09,UAL,87.33000183105469
2019-09-09,LRCX,228.20530700683594
2019-09-09,IDXX,267.20001220703125
2019-09-09,SBUX,93.69166564941406
2019-09-10,TSLA,235.5399932861328
2019-09-10,UAL,87.55999755859375
2019-09-10,LRCX,229.79049682617188
2019-09-10,IDXX,267.6300048828125
2019-09-10,SBUX,89.90060424804688
2019-09-11,TSLA,247.10000610351562
2019-09-11,UAL,88.37999725341797
2019-09-11,LRCX,231.84129333496094
2019-09-11,IDXX,270.989990234375
2019-09-11,SBUX,90.52748107910156
2019-09-12,TSLA,245.8699951171875
2019-09-12,UAL,89.37999725341797
2019-09-12,LRCX,232.69332885742188
2019-09-12,IDXX,271.04998779296875
2019-09-12,SBUX,91.60210418701172
2019-09-13,TSLA,245.1999969482422
2019-09-13,UAL,91.3499984741211
2019-09-13,LRCX,233.37693786621094
2019-09-13,IDXX,265.4700012207031
2019-09-13,SBUX,90.02996826171875
2019-09-16,TSLA,242.80999755859375
2019-09-16,UAL,88.76000213623047
2019-09-16,LRCX,232.7626953125
2019-09-16,IDXX,265.6400146484375
2019-09-16,SBUX,88.97523498535156
2019-09-17,TSLA,244.7899932861328
2019-09-17,UAL,89.9800033569336
2019-09-17,LRCX,234.58563232421875
2019-09-17,IDXX,271.8599853515625
2019-09-17,SBUX,90.29862213134766
2019-09-18,TSLA,243.49000549316406
2019-09-18,UAL,90.2300033569336
2019-09-18,LRCX,235.4376678466797
2019-09-18,IDXX,272.7300109863281
2019-09-18,SBUX,90.50757598876953
2019-09-19,TSLA,246.60000610351562
2019-09-19,UAL,89.41999816894531
2019-09-19,LRCX,234.66490173339844
2019-09-19,IDXX,273.7900085449219
2019-09-19,SBUX,91.1045913696289
2019-09-20,TSLA,240.6199951171875
2019-09-20,UAL,89.08999633789062
2019-09-20,LRCX,233.12925720214844
2019-09-20,IDXX,274.1700134277344
2019-09-20,SBUX,89.62200164794922
2019-09-23,TSLA,241.22999572753906
2019-09-23,UAL,88.20999908447266
2019-09-23,LRCX,236.03211975097656
2019-09-23,IDXX,275.7900085449219
2019-09-23,SBUX,90.35832214355469
2019-09-24,TSLA,223.2100067138672
2019-09-24,UAL,88.30000305175781
2019-09-24,LRCX,233.67416381835938
2019-09-24,IDXX,272.1300048828125
2019-09-24,SBUX,89.47274780273438
2019-09-25,TSLA,228.6999969482422
2019-09-25,UAL,89.16999816894531
2019-09-25,LRCX,239.36097717285156
2019-09-25,IDXX,274.79998779296875
2019-09-25,SBUX,89.90060424804688
2019-09-26,TSLA,242.55999755859375
2019-09-26,UAL,88.44999694824219
2019-09-26,LRCX,240.57957458496094
2019-09-26,IDXX,275.05999755859375
2019-09-26,SBUX,89.35334777832031
2019-09-27,TSLA,242.1300048828125
2019-09-27,UAL,88.13999938964844
2019-09-27,LRCX,227.94773864746094
2019-09-27,IDXX,272.4800109863281
2019-09-27,SBUX,87.93045806884766
2019-09-30,TSLA,240.8699951171875
2019-09-30,UAL,88.41000366210938
2019-09-30,LRCX,230.11837768554688
2019-09-30,IDXX,271.92999267578125
2019-09-30,SBUX,87.98020935058594
2019-10-01,TSLA,244.69000244140625
2019-10-01,UAL,87.83999633789062
2019-10-01,LRCX,229.40145874023438
2019-10-01,IDXX,268.9800109863281
2019-10-01,SBUX,86.0797119140625
2019-10-02,TSLA,243.1300048828125
2019-10-02,UAL,83.69000244140625
2019-10-02,LRCX,227.02171325683594
2019-10-02,IDXX,268.7099914550781
2019-10-02,SBUX,83.90060424804688
2019-10-03,TSLA,233.02999877929688
2019-10-03,UAL,83.2699966430664
2019-10-03,LRCX,228.0672149658203
2019-10-03,IDXX,270.0299987792969
2019-10-03,SBUX,84.24885559082031
2019-10-04,TSLA,231.42999267578125
2019-10-04,UAL,84.29000091552734
2019-10-04,LRCX,232.2691192626953
2019-10-04,IDXX,276.6000061035156
2019-10-04,SBUX,85.49264526367188
2019-10-07,TSLA,237.72000122070312
2019-10-07,UAL,84.8499984741211
2019-10-07,LRCX,231.14395141601562
2019-10-07,IDXX,272.04998779296875
2019-10-07,SBUX,85.42298889160156
2019-10-08,TSLA,240.0500030517578
2019-10-08,UAL,84.69000244140625
2019-10-08,LRCX,226.72300720214844
2019-10-08,IDXX,267.7200012207031
2019-10-08,SBUX,84.4876708984375
2019-10-09,TSLA,244.52999877929688
2019-10-09,UAL,86.45999908447266
2019-10-09,LRCX,232.1297149658203
2019-10-09,IDXX,271.9100036621094
2019-10-09,SBUX,85.42298889160156
2019-10-10,TSLA,244.74000549316406
2019-10-10,UAL,87.33999633789062
2019-10-10,LRCX,233.61331176757812
2019-10-10,IDXX,272.239990234375
2019-10-10,SBUX,85.53244018554688
2019-10-11,TSLA,247.88999938964844
2019-10-11,UAL,87.1500015258789
2019-10-11,LRCX,236.0727081298828
2019-10-11,IDXX,276.79998779296875
2019-10-11,SBUX,85.93045806884766
2019-10-14,TSLA,256.9599914550781
2019-10-14,UAL,86.97000122070312
2019-10-14,LRCX,235.2661895751953
2019-10-14,IDXX,275.67999267578125
2019-10-14,SBUX,86.18916320800781
2019-10-15,TSLA,257.8900146484375
2019-10-15,UAL,87.87999725341797
2019-10-15,LRCX,241.01144409179688
2019-10-15,IDXX,282.260009765625
2019-10-15,SBUX,86.02000427246094
2019-10-16,TSLA,259.75
2019-10-16,UAL,89.69999694824219
2019-10-16,LRCX,233.75271606445312
2019-10-16,IDXX,279.57000732421875
2019-10-16,SBUX,86.2787094116211
2019-10-17,TSLA,261.9700012207031
2019-10-17,UAL,89.45999908447266
2019-10-17,LRCX,235.08697509765625
2019-10-17,IDXX,282.1300048828125
2019-10-17,SBUX,85.86080169677734
2019-10-18,TSLA,256.95001220703125
2019-10-18,UAL,90.08999633789062
2019-10-18,LRCX,232.697265625
2019-10-18,IDXX,282.8299865722656
2019-10-18,SBUX,85.60209655761719
2019-10-21,TSLA,253.5
2019-10-21,UAL,90.77999877929688
2019-10-21,LRCX,237.4368438720703
2019-10-21,IDXX,278.8800048828125
2019-10-21,SBUX,84.92547607421875
2019-10-22,TSLA,255.5800018310547
2019-10-22,UAL,89.70999908447266
2019-10-22,LRCX,233.90206909179688
2019-10-22,IDXX,270.8399963378906
2019-10-22,SBUX,83.04487609863281
2019-10-23,TSLA,254.67999267578125
2019-10-23,UAL,89.9000015258789
2019-10-23,LRCX,232.1794891357422
2019-10-23,IDXX,267.92999267578125
2019-10-23,SBUX,82.32846069335938
2019-10-24,TSLA,299.67999267578125
2019-10-24,UAL,89.80999755859375
2019-10-24,LRCX,264.46038818359375
2019-10-24,IDXX,268.3299865722656
2019-10-24,SBUX,82.76627349853516
2019-10-25,TSLA,328.1300048828125
2019-10-25,UAL,91.63999938964844
2019-10-25,LRCX,268.89129638671875
2019-10-25,IDXX,268.2900085449219
2019-10-25,SBUX,82.96527099609375
2019-10-28,TSLA,327.7099914550781
2019-10-28,UAL,92.19000244140625
2019-10-28,LRCX,280.0432434082031
2019-10-28,IDXX,266.4200134277344
2019-10-28,SBUX,83.1841812133789
2019-10-29,TSLA,316.2200012207031
2019-10-29,UAL,91.02999877929688
2019-10-29,LRCX,275.30364990234375
2019-10-29,IDXX,270.8699951171875
2019-10-29,SBUX,83.71154022216797
2019-10-30,TSLA,315.010009765625
2019-10-30,UAL,91.66999816894531
2019-10-30,LRCX,276.36907958984375
2019-10-30,IDXX,273.8500061035156
2019-10-30,SBUX,83.77124786376953
2019-10-31,TSLA,314.9200134277344
2019-10-31,UAL,90.83999633789062
2019-10-31,LRCX,269.8770446777344
2019-10-31,IDXX,285.010009765625
2019-10-31,SBUX,84.139404296875
2019-11-01,TSLA,313.30999755859375
2019-11-01,UAL,91.6500015258789
2019-11-01,LRCX,277.0660705566406
2019-11-01,IDXX,276.8699951171875
2019-11-01,SBUX,82.7961196899414
2019-11-04,TSLA,317.4700012207031
2019-11-04,UAL,92.38999938964844
2019-11-04,LRCX,276.9067687988281
2019-11-04,IDXX,278.6600036621094
2019-11-04,SBUX,81.9603042602539
2019-11-05,TSLA,317.2200012207031
2019-11-05,UAL,93.12000274658203
2019-11-05,LRCX,276.7574157714844
2019-11-05,IDXX,264.1499938964844
2019-11-05,SBUX,81.4826889038086
2019-11-06,TSLA,326.5799865722656
2019-11-06,UAL,93.33999633789062
2019-11-06,LRCX,274.327880859375
2019-11-06,IDXX,261.45001220703125
2019-11-06,SBUX,82.57721710205078
2019-11-07,TSLA,335.5400085449219
2019-11-07,UAL,93.80000305175781
2019-11-07,LRCX,272.9338684082031
2019-11-07,IDXX,263.1400146484375
2019-11-07,SBUX,81.54238891601562
2019-11-08,TSLA,337.1400146484375
2019-11-08,UAL,93.44000244140625
2019-11-08,LRCX,271.510009765625
2019-11-08,IDXX,254.74000549316406
2019-11-08,SBUX,81.36328125
2019-11-11,TSLA,345.0899963378906
2019-11-11,UAL,93.52999877929688
2019-11-11,LRCX,270.0960998535156
2019-11-11,IDXX,252.67999267578125
2019-11-11,SBUX,82.02000427246094
2019-11-12,TSLA,349.92999267578125
2019-11-12,UAL,92.72000122070312
2019-11-12,LRCX,268.8514709472656
2019-11-12,IDXX,257.510009765625
2019-11-12,SBUX,83.31999969482422
2019-11-13,TSLA,346.1099853515625
2019-11-13,UAL,92.41999816894531
2019-11-13,LRCX,271.29095458984375
2019-11-13,IDXX,259.30999755859375
2019-11-13,SBUX,83.94000244140625
2019-11-14,TSLA,349.3500061035156
2019-11-14,UAL,92.5199966430664
2019-11-14,LRCX,273.90966796875
2019-11-14,IDXX,257.3599853515625
2019-11-14,SBUX,84.37999725341797
2019-11-15,TSLA,352.1700134277344
2019-11-15,UAL,92.51000213623047
2019-11-15,LRCX,282.4627990722656
2019-11-15,IDXX,259.7799987792969
2019-11-15,SBUX,84.20999908447266
2019-11-18,TSLA,349.989990234375
2019-11-18,UAL,92.7699966430664
2019-11-18,LRCX,281.4870300292969
2019-11-18,IDXX,260.5299987792969
2019-11-18,SBUX,84.0199966430664
2019-11-19,TSLA,359.5199890136719
2019-11-19,UAL,93.29000091552734
2019-11-19,LRCX,275.572509765625
2019-11-19,IDXX,264.6000061035156
2019-11-19,SBUX,83.66000366210938
2019-11-20,TSLA,352.2200012207031
2019-11-20,UAL,91.69999694824219
2019-11-20,LRCX,272.95379638671875
2019-11-20,IDXX,260.5
2019-11-20,SBUX,83.5999984741211
2019-11-21,TSLA,354.8299865722656
2019-11-21,UAL,90.97000122070312
2019-11-21,LRCX,262.7676696777344
2019-11-21,IDXX,260.69000244140625
2019-11-21,SBUX,82.30000305175781
2019-11-22,TSLA,333.0400085449219
2019-11-22,UAL,91.77999877929688
2019-11-22,LRCX,260.8559265136719
2019-11-22,IDXX,257.0199890136719
2019-11-22,SBUX,83.0199966430664
2019-11-25,TSLA,336.3399963378906
2019-11-25,UAL,92.5199966430664
2019-11-25,LRCX,267.85577392578125
2019-11-25,IDXX,251.8699951171875
2019-11-25,SBUX,83.75
2019-11-26,TSLA,328.9200134277344
2019-11-26,UAL,92.76000213623047
2019-11-26,LRCX,268.40338134765625
2019-11-26,IDXX,252.85000610351562
2019-11-26,SBUX,84.55999755859375
2019-11-27,TSLA,331.2900085449219
2019-11-27,UAL,93.05000305175781
2019-11-27,LRCX,269.7774658203125
2019-11-27,IDXX,250.6999969482422
2019-11-27,SBUX,85.7699966430664
2019-11-29,TSLA,329.94000244140625
2019-11-29,UAL,92.80000305175781
2019-11-29,LRCX,265.6850891113281
2019-11-29,IDXX,251.5800018310547
2019-11-29,SBUX,85.43000030517578
2019-12-02,TSLA,334.8699951171875
2019-12-02,UAL,91.62999725341797
2019-12-02,LRCX,261.8117980957031
2019-12-02,IDXX,251.3000030517578
2019-12-02,SBUX,84.56999969482422
2019-12-03,TSLA,336.20001220703125
2019-12-03,UAL,88.87000274658203
2019-12-03,LRCX,256.7336730957031
2019-12-03,IDXX,248.66000366210938
2019-12-03,SBUX,84.81999969482422
2019-12-04,TSLA,333.0299987792969
2019-12-04,UAL,88.16999816894531
2019-12-04,LRCX,261.7420959472656
2019-12-04,IDXX,251.86000061035156
2019-12-04,SBUX,85.4000015258789
2019-12-05,TSLA,330.3699951171875
2019-12-05,UAL,87.86000061035156
2019-12-05,LRCX,263.6837463378906
2019-12-05,IDXX,251.86000061035156
2019-12-05,SBUX,84.44999694824219
2019-12-06,TSLA,335.8900146484375
2019-12-06,UAL,88.58000183105469
2019-12-06,LRCX,268.70208740234375
2019-12-06,IDXX,251.3699951171875
2019-12-06,SBUX,86.31999969482422
2019-12-09,TSLA,339.5299987792969
2019-12-09,UAL,87.61000061035156
2019-12-09,LRCX,266.8699951171875
2019-12-09,IDXX,249.02000427246094
2019-12-09,SBUX,86.27999877929688
2019-12-10,TSLA,348.8399963378906
2019-12-10,UAL,86.51000213623047
2019-12-10,LRCX,268.989990234375
2019-12-10,IDXX,252.83999633789062
2019-12-10,SBUX,86.04000091552734
2019-12-11,TSLA,352.70001220703125
2019-12-11,UAL,87.0199966430664
2019-12-11,LRCX,275.3999938964844
2019-12-11,IDXX,250.4499969482422
2019-12-11,SBUX,86.58999633789062
2019-12-12,TSLA,359.67999267578125
2019-12-12,UAL,88.47000122070312
2019-12-12,LRCX,284.70001220703125
2019-12-12,IDXX,251.8800048828125
2019-12-12,SBUX,88.20999908447266
2019-12-13,TSLA,358.3900146484375
2019-12-13,UAL,87.58000183105469
2019-12-13,LRCX,281.95001220703125
2019-12-13,IDXX,252.89999389648438
2019-12-13,SBUX,88.66999816894531
2019-12-16,TSLA,381.5
2019-12-16,UAL,88.62999725341797
2019-12-16,LRCX,284.25
2019-12-16,IDXX,255.47000122070312
2019-12-16,SBUX,88.77999877929688
2019-12-17,TSLA,378.989990234375
2019-12-17,UAL,89.36000061035156
2019-12-17,LRCX,290.57000732421875
2019-12-17,IDXX,257.1700134277344
2019-12-17,SBUX,88.12999725341797
2019-12-18,TSLA,393.1499938964844
2019-12-18,UAL,88.83999633789062
2019-12-18,LRCX,288.0199890136719
2019-12-18,IDXX,253.08999633789062
2019-12-18,SBUX,87.98999786376953
2019-12-19,TSLA,404.0400085449219
2019-12-19,UAL,89.22000122070312
2019-12-19,LRCX,293.2900085449219
2019-12-19,IDXX,256.19000244140625
2019-12-19,SBUX,88.5199966430664
2019-12-20,TSLA,405.5899963378906
2019-12-20,UAL,89.27999877929688
2019-12-20,LRCX,297.4100036621094
2019-12-20,IDXX,261.54998779296875
2019-12-20,SBUX,88.45999908447266
2019-12-23,TSLA,419.2200012207031
2019-12-23,UAL,89.44000244140625
2019-12-23,LRCX,294.45001220703125
2019-12-23,IDXX,263.9800109863281
2019-12-23,SBUX,88.2300033569336
2019-12-24,TSLA,425.25
2019-12-24,UAL,89.1500015258789
2019-12-24,LRCX,294.4800109863281
2019-12-24,IDXX,263.260009765625
2019-12-24,SBUX,88.5199966430664
2019-12-26,TSLA,430.94000244140625
2019-12-26,UAL,89.26000213623047
2019-12-26,LRCX,294.9200134277344
2019-12-26,IDXX,261.42999267578125
2019-12-26,SBUX,88.08000183105469
2019-12-27,TSLA,430.3800048828125
2019-12-27,UAL,88.37000274658203
2019-12-27,LRCX,293.70001220703125
2019-12-27,IDXX,263.9800109863281
2019-12-27,SBUX,88.12999725341797
2019-12-30,TSLA,414.70001220703125
2019-12-30,UAL,87.95999908447266
2019-12-30,LRCX,292.5400085449219
2019-12-30,IDXX,261.6000061035156
2019-12-30,SBUX,87.44000244140625
2019-12-31,TSLA,418.3299865722656
2019-12-31,UAL,88.08999633789062
2019-12-31,LRCX,292.3999938964844
2019-12-31,IDXX,261.1300048828125
2019-12-31,SBUX,87.91999816894531
2020-01-02,TSLA,430.260009765625
2020-01-02,UAL,89.73999786376953
2020-01-02,LRCX,297.8900146484375
2020-01-02,IDXX,265.0199890136719
2020-01-02,SBUX,89.3499984741211
2020-01-03,TSLA,443.010009765625
2020-01-03,UAL,87.9000015258789
2020-01-03,LRCX,294.69000244140625
2020-01-03,IDXX,264.7699890136719
2020-01-03,SBUX,88.83000183105469
2020-01-06,TSLA,451.5400085449219
2020-01-06,UAL,87.69999694824219
2020-01-06,LRCX,289.19000244140625
2020-01-06,IDXX,266.92999267578125
2020-01-06,SBUX,88.12999725341797
2020-01-07,TSLA,469.05999755859375
2020-01-07,UAL,86.7699966430664
2020-01-07,LRCX,296.239990234375
2020-01-07,IDXX,266.1199951171875
2020-01-07,SBUX,87.86000061035156
2020-01-08,TSLA,492.1400146484375
2020-01-08,UAL,87.30000305175781
2020-01-08,LRCX,299.9700012207031
2020-01-08,IDXX,271.67999267578125
2020-01-08,SBUX,88.87999725341797
2020-01-09,TSLA,481.3399963378906
2020-01-09,UAL,87.94999694824219
2020-01-09,LRCX,297.92999267578125
2020-01-09,IDXX,277.94000244140625
2020-01-09,SBUX,90.52999877929688
2020-01-10,TSLA,478.1499938964844
2020-01-10,UAL,87.30999755859375
2020-01-10,LRCX,294.3399963378906
2020-01-10,IDXX,281.6400146484375
2020-01-10,SBUX,90.16000366210938
2020-01-13,TSLA,524.8599853515625
2020-01-13,UAL,86.88999938964844
2020-01-13,LRCX,297.2900085449219
2020-01-13,IDXX,282.2900085449219
2020-01-13,SBUX,91.08000183105469
2020-01-14,TSLA,537.9199829101562
2020-01-14,UAL,87.8499984741211
2020-01-14,LRCX,300.760009765625
2020-01-14,IDXX,284.0199890136719
2020-01-14,SBUX,90.98999786376953
2020-01-15,TSLA,518.5
2020-01-15,UAL,88.29000091552734
2020-01-15,LRCX,298.3399963378906
2020-01-15,IDXX,288.489990234375
2020-01-15,SBUX,91.54000091552734
2020-01-16,TSLA,513.489990234375
2020-01-16,UAL,89.54000091552734
2020-01-16,LRCX,305.95001220703125
2020-01-16,IDXX,289.9200134277344
2020-01-16,SBUX,92.58000183105469
2020-01-17,TSLA,510.5
2020-01-17,UAL,89.69999694824219
2020-01-17,LRCX,308.0
2020-01-17,IDXX,285.79998779296875
2020-01-17,SBUX,93.62000274658203
2020-01-21,TSLA,547.2000122070312
2020-01-21,UAL,85.79000091552734
2020-01-21,LRCX,308.67999267578125
2020-01-21,IDXX,284.8399963378906
2020-01-21,SBUX,92.52999877929688
2020-01-22,TSLA,569.5599975585938
2020-01-22,UAL,83.33999633789062
2020-01-22,LRCX,311.3399963378906
2020-01-22,IDXX,287.6199951171875
2020-01-22,SBUX,92.52999877929688
2020-01-23,TSLA,572.2000122070312
2020-01-23,UAL,84.87999725341797
2020-01-23,LRCX,312.4200134277344
2020-01-23,IDXX,285.8999938964844
2020-01-23,SBUX,93.75
2020-01-24,TSLA,564.8200073242188
2020-01-24,UAL,81.9000015258789
2020-01-24,LRCX,306.5400085449219
2020-01-24,IDXX,280.7699890136719
2020-01-24,SBUX,92.02999877929688
2020-01-27,TSLA,558.02001953125
2020-01-27,UAL,77.62999725341797
2020-01-27,LRCX,293.7900085449219
2020-01-27,IDXX,277.30999755859375
2020-01-27,SBUX,88.7300033569336
2020-01-28,TSLA,566.9000244140625
2020-01-28,UAL,77.05000305175781
2020-01-28,LRCX,301.69000244140625
2020-01-28,IDXX,278.6400146484375
2020-01-28,SBUX,88.5999984741211
2020-01-29,TSLA,578.1099853515625
2020-01-29,UAL,76.41000366210938
2020-01-29,LRCX,300.2900085449219
2020-01-29,IDXX,282.5799865722656
2020-01-29,SBUX,86.45999908447266
